SAMPLE,LOC,cells,newname,shortname,genotype_short,sample_short
FIN_15625_AgXP_TCRB.tsv.gz,/Users/ania/Documents/DQ2DQ8/data_link/D20210208A_1/samples/,E,FIN_15625,F15625,heteroDQ2DQ8,F15625E
FIN_15625_NAIVE_TCRB.tsv.gz,/Users/ania/Documents/DQ2DQ8/data_link/D20210208A_1/samples/,N,FIN_15625,F15625,heteroDQ2DQ8,F15625N
FIN_16018_AgXP_TCRB.tsv.gz,/Users/ania/Documents/DQ2DQ8/data_link/D20210208A_1/samples/,E,FIN_16018,F16018,homoDQ8,F16018E
FIN_16018_NAIVE_TCRB.tsv.gz,/Users/ania/Documents/DQ2DQ8/data_link/D20210208A_1/samples/,N,FIN_16018,F16018,homoDQ8,F16018N
FIN_18072_AgXP_TCRB.tsv.gz,/Users/ania/Documents/DQ2DQ8/data_link/D20210208A_1/samples/,E,FIN_18072,F18072,heteroDQ2DQ8,F18072E
FIN_18072_NAIVE_TCRB.tsv.gz,/Users/ania/Documents/DQ2DQ8/data_link/D20210208A_1/samples/,N,FIN_18072,F18072,heteroDQ2DQ8,F18072N
FIN_20790_AgXP_TCRB.tsv.gz,/Users/ania/Documents/DQ2DQ8/data_link/D20210208A_1/samples/,E,FIN_20790,F20790,heteroDQ2DQ8,F20790E
FIN_20790_NAIVE_TCRB.tsv.gz,/Users/ania/Documents/DQ2DQ8/data_link/D20210208A_1/samples/,N,FIN_20790,F20790,heteroDQ2DQ8,F20790N
FIN_27707_AgXP_TCRB.tsv.gz,/Users/ania/Documents/DQ2DQ8/data_link/D20210208A_1/samples/,E,FIN_27707,F27707,homoDQ8,F27707E
FIN_27707_NAIVE_TCRB.tsv.gz,/Users/ania/Documents/DQ2DQ8/data_link/D20210208A_1/samples/,N,FIN_27707,F27707,homoDQ8,F27707N
FIN_28396_AgXP_TCRB.tsv.gz,/Users/ania/Documents/DQ2DQ8/data_link/D20210208A_1/samples/,E,FIN_28396,F28396,homoDQ8,F28396E
FIN_28396_AgXP_TCRB.tsv.gz,/Users/ania/Documents/DQ2DQ8/data_link/D20210208A_1/samples/,E,FIN_28396,F28396,homoDQ8,F28396E
FIN_28396_NAIVE_TCRB.tsv.gz,/Users/ania/Documents/DQ2DQ8/data_link/D20210208A_1/samples/,N,FIN_28396,F28396,homoDQ8,F28396N
FIN_28396_NAIVE_TCRB.tsv.gz,/Users/ania/Documents/DQ2DQ8/data_link/D20210208A_1/samples/,N,FIN_28396,F28396,homoDQ8,F28396N
FIN_34137_AgXP_TCRB.tsv.gz,/Users/ania/Documents/DQ2DQ8/data_link/D20210208A_1/samples/,E,FIN_34137,F34137,heteroDQ2DQ8,F34137E
FIN_34137_NAIVE_TCRB.tsv.gz,/Users/ania/Documents/DQ2DQ8/data_link/D20210208A_1/samples/,N,FIN_34137,F34137,heteroDQ2DQ8,F34137N
FIN_35497_AgXP_TCRB.tsv.gz,/Users/ania/Documents/DQ2DQ8/data_link/D20210208A_1/samples/,E,FIN_35497,F35497,homoDQ2,F35497E
FIN_35497_NAIVE_TCRB.tsv.gz,/Users/ania/Documents/DQ2DQ8/data_link/D20210208A_1/samples/,N,FIN_35497,F35497,homoDQ2,F35497N
FIN_38025_AgXP_TCRB.tsv.gz,/Users/ania/Documents/DQ2DQ8/data_link/D20210208A_1/samples/,E,FIN_38025,F38025,heteroDQ2DQ8,F38025E
FIN_38025_NAIVE_TCRB.tsv.gz,/Users/ania/Documents/DQ2DQ8/data_link/D20210208A_1/samples/,N,FIN_38025,F38025,heteroDQ2DQ8,F38025N
FIN_40405_AgXP_TCRB.tsv.gz,/Users/ania/Documents/DQ2DQ8/data_link/D20210208A_1/samples/,E,FIN_40405,F40405,homoDQ2,F40405E
FIN_40405_NAIVE_TCRB.tsv.gz,/Users/ania/Documents/DQ2DQ8/data_link/D20210208A_1/samples/,N,FIN_40405,F40405,homoDQ2,F40405N
FIN_42554_AgXP_TCRB.tsv.gz,/Users/ania/Documents/DQ2DQ8/data_link/D20210208A_1/samples/,E,FIN_42554,F42554,heteroDQ2DQ8,F42554E
FIN_42554_NAIVE_TCRB.tsv.gz,/Users/ania/Documents/DQ2DQ8/data_link/D20210208A_1/samples/,N,FIN_42554,F42554,heteroDQ2DQ8,F42554N
FIN_46506_AgXP_TCRB.tsv.gz,/Users/ania/Documents/DQ2DQ8/data_link/D20210208A_1/samples/,E,FIN_46506,F46506,homoDQ8,F46506E
FIN_46506_NAIVE_TCRB.tsv.gz,/Users/ania/Documents/DQ2DQ8/data_link/D20210208A_1/samples/,N,FIN_46506,F46506,homoDQ8,F46506N
FIN_48016_AgXP_TCRB.tsv.gz,/Users/ania/Documents/DQ2DQ8/data_link/D20210208A_1/samples/,E,FIN_48016,F48016,homoDQ2,F48016E
FIN_48016_NAIVE_TCRB.tsv.gz,/Users/ania/Documents/DQ2DQ8/data_link/D20210208A_1/samples/,N,FIN_48016,F48016,homoDQ2,F48016N
FIN_49984_AgXP_TCRB.tsv.gz,/Users/ania/Documents/DQ2DQ8/data_link/D20210208A_1/samples/,E,FIN_49984,F49984,heteroDQ2DQ8,F49984E
FIN_49984_NAIVE_TCRB.tsv.gz,/Users/ania/Documents/DQ2DQ8/data_link/D20210208A_1/samples/,N,FIN_49984,F49984,heteroDQ2DQ8,F49984N
FIN_50642_AgXP_TCRB.tsv.gz,/Users/ania/Documents/DQ2DQ8/data_link/D20210208A_1/samples/,E,FIN_50642,F50642,heteroDQ2DQ8,F50642E
FIN_50642_NAIVE_TCRB.tsv.gz,/Users/ania/Documents/DQ2DQ8/data_link/D20210208A_1/samples/,N,FIN_50642,F50642,heteroDQ2DQ8,F50642N
FIN_51955_AgXP_TCRB.tsv.gz,/Users/ania/Documents/DQ2DQ8/data_link/D20210208A_1/samples/,E,FIN_51955,F51955,heteroDQ2DQ8,F51955E
FIN_51955_NAIVE_TCRB.tsv.gz,/Users/ania/Documents/DQ2DQ8/data_link/D20210208A_1/samples/,N,FIN_51955,F51955,heteroDQ2DQ8,F51955N
FIN_52014_AgXP_TCRB.tsv.gz,/Users/ania/Documents/DQ2DQ8/data_link/D20210208A_1/samples/,E,FIN_52014,F52014,heteroDQ2DQ8,F52014E
FIN_52014_NAIVE_TCRB.tsv.gz,/Users/ania/Documents/DQ2DQ8/data_link/D20210208A_1/samples/,N,FIN_52014,F52014,heteroDQ2DQ8,F52014N
FIN_52231_AgXP_TCRB.tsv.gz,/Users/ania/Documents/DQ2DQ8/data_link/D20210208A_1/samples/,E,FIN_52231,F52231,homoDQ8,F52231E
FIN_52231_NAIVE_TCRB.tsv.gz,/Users/ania/Documents/DQ2DQ8/data_link/D20210208A_1/samples/,N,FIN_52231,F52231,homoDQ8,F52231N
FIN_5302_AgXP_TCRB.tsv.gz,/Users/ania/Documents/DQ2DQ8/data_link/D20210208A_1/samples/,E,FIN_5302,F5302,homoDQ8,F5302E
FIN_5302_AgXP_TCRB.tsv.gz,/Users/ania/Documents/DQ2DQ8/data_link/D20210208A_1/samples/,E,FIN_5302,F5302,homoDQ8,F5302E
FIN_5302_NAIVE_TCRB.tsv.gz,/Users/ania/Documents/DQ2DQ8/data_link/D20210208A_1/samples/,N,FIN_5302,F5302,homoDQ8,F5302N
FIN_5302_NAIVE_TCRB.tsv.gz,/Users/ania/Documents/DQ2DQ8/data_link/D20210208A_1/samples/,N,FIN_5302,F5302,homoDQ8,F5302N
FIN_53955_AgXP_TCRB.tsv.gz,/Users/ania/Documents/DQ2DQ8/data_link/D20210208A_1/samples/,E,FIN_53955,F53955,homoDQ2,F53955E
FIN_53955_AgXP_TCRB.tsv.gz,/Users/ania/Documents/DQ2DQ8/data_link/D20210208A_1/samples/,E,FIN_53955,F53955,homoDQ2,F53955E
FIN_53955_NAIVE_TCRB.tsv.gz,/Users/ania/Documents/DQ2DQ8/data_link/D20210208A_1/samples/,N,FIN_53955,F53955,homoDQ2,F53955N
FIN_53955_NAIVE_TCRB.tsv.gz,/Users/ania/Documents/DQ2DQ8/data_link/D20210208A_1/samples/,N,FIN_53955,F53955,homoDQ2,F53955N
FIN_6828_AgXP_TCRB.tsv.gz,/Users/ania/Documents/DQ2DQ8/data_link/D20210208A_1/samples/,E,FIN_6826,F6826,homoDQ2,F6826E
FIN_6828_NAIVE_TCRB.tsv.gz,/Users/ania/Documents/DQ2DQ8/data_link/D20210208A_1/samples/,N,FIN_6826,F6826,homoDQ2,F6826N
FIN_69340_AgXP_TCRB.tsv.gz,/Users/ania/Documents/DQ2DQ8/data_link/D20210208A_1/samples/,E,FIN_69340,F69340,homoDQ8,F69340E
FIN_69340_NAIVE_TCRB.tsv.gz,/Users/ania/Documents/DQ2DQ8/data_link/D20210208A_1/samples/,N,FIN_69340,F69340,homoDQ8,F69340N
FIN_69838_AgXP_TCRB.tsv.gz,/Users/ania/Documents/DQ2DQ8/data_link/D20210208A_1/samples/,E,FIN_69838,F69838,homoDQ8,F69838E
FIN_69838_NAIVE_TCRB.tsv.gz,/Users/ania/Documents/DQ2DQ8/data_link/D20210208A_1/samples/,N,FIN_69838,F69838,homoDQ8,F69838N
FIN_70393_AgXP_TCRB.tsv.gz,/Users/ania/Documents/DQ2DQ8/data_link/D20210208A_1/samples/,E,FIN_70393,F70393,homoDQ8,F70393E
FIN_70393_NAIVE_TCRB.tsv.gz,/Users/ania/Documents/DQ2DQ8/data_link/D20210208A_1/samples/,N,FIN_70393,F70393,homoDQ8,F70393N
FIN_71547_AgXP_TCRB.tsv.gz,/Users/ania/Documents/DQ2DQ8/data_link/D20210208A_1/samples/,E,FIN_71547,F71547,homoDQ2,F71547E
FIN_71547_NAIVE_TCRB.tsv.gz,/Users/ania/Documents/DQ2DQ8/data_link/D20210208A_1/samples/,N,FIN_71547,F71547,homoDQ2,F71547N
FIN_71808_AgXP_TCRB.tsv.gz,/Users/ania/Documents/DQ2DQ8/data_link/D20210208A_1/samples/,E,FIN_71808,F71808,homoDQ2,F71808E
FIN_71808_NAIVE_TCRB.tsv.gz,/Users/ania/Documents/DQ2DQ8/data_link/D20210208A_1/samples/,N,FIN_71808,F71808,homoDQ2,F71808N
FIN_72011_AgXP_TCRB.tsv.gz,/Users/ania/Documents/DQ2DQ8/data_link/D20210208A_1/samples/,E,FIN_72011,F72011,homoDQ2,F72011E
FIN_72011_AgXP_TCRB.tsv.gz,/Users/ania/Documents/DQ2DQ8/data_link/D20210208A_1/samples/,E,FIN_72011,F72011,homoDQ2,F72011E
FIN_72011_NAIVE_TCRB.tsv.gz,/Users/ania/Documents/DQ2DQ8/data_link/D20210208A_1/samples/,N,FIN_72011,F72011,homoDQ2,F72011N
FIN_72011_NAIVE_TCRB.tsv.gz,/Users/ania/Documents/DQ2DQ8/data_link/D20210208A_1/samples/,N,FIN_72011,F72011,homoDQ2,F72011N
FIN_72248_AgXP_TCRB.tsv.gz,/Users/ania/Documents/DQ2DQ8/data_link/D20210208A_1/samples/,E,FIN_72248,F72248,homoDQ8,F72248E
FIN_72248_NAIVE_TCRB.tsv.gz,/Users/ania/Documents/DQ2DQ8/data_link/D20210208A_1/samples/,N,FIN_72248,F72248,homoDQ8,F72248N
FIN_72389_AgXP_TCRB.tsv.gz,/Users/ania/Documents/DQ2DQ8/data_link/D20210208A_1/samples/,E,FIN_72389,F72389,homoDQ8,F72389E
FIN_72389_NAIVE_TCRB.tsv.gz,/Users/ania/Documents/DQ2DQ8/data_link/D20210208A_1/samples/,N,FIN_72389,F72389,homoDQ8,F72389N
FIN_72520_AgXP_TCRB.tsv.gz,/Users/ania/Documents/DQ2DQ8/data_link/D20210208A_1/samples/,E,FIN_72520,F72520,homoDQ2,F72520E
FIN_72520_NAIVE_TCRB.tsv.gz,/Users/ania/Documents/DQ2DQ8/data_link/D20210208A_1/samples/,N,FIN_72520,F72520,homoDQ2,F72520N
FIN_73156_AgXP_TCRB.tsv.gz,/Users/ania/Documents/DQ2DQ8/data_link/D20210208A_1/samples/,E,FIN_73156,F73156,homoDQ8,F73156E
FIN_73156_NAIVE_TCRB.tsv.gz,/Users/ania/Documents/DQ2DQ8/data_link/D20210208A_1/samples/,N,FIN_73156,F73156,homoDQ8,F73156N
FIN_74622_AgXP_TCRB.tsv.gz,/Users/ania/Documents/DQ2DQ8/data_link/D20210208A_1/samples/,E,FIN_74622,F74622,homoDQ8,F74622E
FIN_74622_NAIVE_TCRB.tsv.gz,/Users/ania/Documents/DQ2DQ8/data_link/D20210208A_1/samples/,N,FIN_74622,F74622,homoDQ8,F74622N
FIN_75078_AgXP_TCRB.tsv.gz,/Users/ania/Documents/DQ2DQ8/data_link/D20210208A_1/samples/,E,FIN_75078,F75078,homoDQ2,F75078E
FIN_75078_NAIVE_TCRB.tsv.gz,/Users/ania/Documents/DQ2DQ8/data_link/D20210208A_1/samples/,N,FIN_75078,F75078,homoDQ2,F75078N
FIN_76121_AgXP_TCRB.tsv.gz,/Users/ania/Documents/DQ2DQ8/data_link/D20210208A_1/samples/,E,FIN_76121,F76121,homoDQ8,F76121E
FIN_76121_AgXP_TCRB.tsv.gz,/Users/ania/Documents/DQ2DQ8/data_link/D20210208A_1/samples/,E,FIN_76121,F76121,homoDQ8,F76121E
FIN_76121_NAIVE_TCRB.tsv.gz,/Users/ania/Documents/DQ2DQ8/data_link/D20210208A_1/samples/,N,FIN_76121,F76121,homoDQ8,F76121N
FIN_76121_NAIVE_TCRB.tsv.gz,/Users/ania/Documents/DQ2DQ8/data_link/D20210208A_1/samples/,N,FIN_76121,F76121,homoDQ8,F76121N
FIN_76738_AgXP_TCRB.tsv.gz,/Users/ania/Documents/DQ2DQ8/data_link/D20210208A_1/samples/,E,FIN_76738,F76738,homoDQ8,F76738E
FIN_76738_NAIVE_TCRB.tsv.gz,/Users/ania/Documents/DQ2DQ8/data_link/D20210208A_1/samples/,N,FIN_76738,F76738,homoDQ8,F76738N
TN0002600F01_AgXP_TCRB.tsv.gz,/Users/ania/Documents/DQ2DQ8/data_link/D20210208A_1/TN_samples/,E,TN0002600F01,T02600,homoDQ8,T02600E
TN0002600F01_NAIVE_TCRB.tsv.gz,/Users/ania/Documents/DQ2DQ8/data_link/D20210208A_1/TN_samples/,N,TN0002600F01,T02600,homoDQ8,T02600N
TN0002877F01_AgXP_TCRB.tsv.gz,/Users/ania/Documents/DQ2DQ8/data_link/D20210208A_1/TN_samples/,E,TN0002877F01,T02877,homoDQ2,T02877E
TN0002877F01_NAIVE_TCRB.tsv.gz,/Users/ania/Documents/DQ2DQ8/data_link/D20210208A_1/TN_samples/,N,TN0002877F01,T02877,homoDQ2,T02877N
TN0003194F01_AgXP_TCRB.tsv.gz,/Users/ania/Documents/DQ2DQ8/data_link/D20210208A_1/TN_samples/,E,TN0003194F01,T03194,homoDQ8,T03194E
TN0003194F01_NAIVE_TCRB.tsv.gz,/Users/ania/Documents/DQ2DQ8/data_link/D20210208A_1/TN_samples/,N,TN0003194F01,T03194,homoDQ8,T03194N
TN0003203F01_AgXP_TCRB.tsv.gz,/Users/ania/Documents/DQ2DQ8/data_link/D20210208A_1/TN_samples/,E,TN0003203F01,T03203,heteroDQ2DQ8,T03203E
TN0003203F01_NAIVE_TCRB.tsv.gz,/Users/ania/Documents/DQ2DQ8/data_link/D20210208A_1/TN_samples/,N,TN0003203F01,T03203,heteroDQ2DQ8,T03203N
TN0003445F01_AgXP_TCRB.tsv.gz,/Users/ania/Documents/DQ2DQ8/data_link/D20210208A_1/TN_samples/,E,TN0003445F01,T03445,homoDQ2,T03445E
TN0003445F01_NAIVE_TCRB.tsv.gz,/Users/ania/Documents/DQ2DQ8/data_link/D20210208A_1/TN_samples/,N,TN0003445F01,T03445,homoDQ2,T03445N
TN0004179F01_AgXP_TCRB.tsv.gz,/Users/ania/Documents/DQ2DQ8/data_link/D20210208A_1/TN_samples/,E,TN0004179F01,T04179,homoDQ2,T04179E
TN0004179F01_NAIVE_TCRB.tsv.gz,/Users/ania/Documents/DQ2DQ8/data_link/D20210208A_1/TN_samples/,N,TN0004179F01,T04179,homoDQ2,T04179N
TN0004348F01_AgXP_TCRB.tsv.gz,/Users/ania/Documents/DQ2DQ8/data_link/D20210208A_1/TN_samples/,E,TN0004348F01,T04348,homoDQ2,T04348E
TN0004348F01_NAIVE_TCRB.tsv.gz,/Users/ania/Documents/DQ2DQ8/data_link/D20210208A_1/TN_samples/,N,TN0004348F01,T04348,homoDQ2,T04348N
TN0004634F01_AgXP_TCRB.tsv.gz,/Users/ania/Documents/DQ2DQ8/data_link/D20210208A_1/TN_samples/,E,TN0004634F01,T04634,homoDQ2,T04634E
TN0004634F01_NAIVE_TCRB.tsv.gz,/Users/ania/Documents/DQ2DQ8/data_link/D20210208A_1/TN_samples/,N,TN0004634F01,T04634,homoDQ2,T04634N
TN0004918F01_AgXP_TCRB.tsv.gz,/Users/ania/Documents/DQ2DQ8/data_link/D20210208A_1/TN_samples/,E,TN0004918F01,T04918,homoDQ2,T04918E
TN0004918F01_NAIVE_TCRB.tsv.gz,/Users/ania/Documents/DQ2DQ8/data_link/D20210208A_1/TN_samples/,N,TN0004918F01,T04918,homoDQ2,T04918N
TN0005231F01_AgXP_TCRB.tsv.gz,/Users/ania/Documents/DQ2DQ8/data_link/D20210208A_1/TN_samples/,E,TN0005231F01,T05231,homoDQ8,T05231E
TN0005231F01_NAIVE_TCRB.tsv.gz,/Users/ania/Documents/DQ2DQ8/data_link/D20210208A_1/TN_samples/,N,TN0005231F01,T05231,homoDQ8,T05231N
TN0006003F01_AgXP_TCRB.tsv.gz,/Users/ania/Documents/DQ2DQ8/data_link/D20210208A_1/TN_samples/,E,TN0006003F01,T06003,homoDQ2,T06003E
TN0006003F01_NAIVE_TCRB.tsv.gz,/Users/ania/Documents/DQ2DQ8/data_link/D20210208A_1/TN_samples/,N,TN0006003F01,T06003,homoDQ2,T06003N
TN0006306F01_AgXP_TCRB.tsv.gz,/Users/ania/Documents/DQ2DQ8/data_link/D20210208A_1/TN_samples/,E,TN0006306F01,T06306,homoDQ8,T06306E
TN0006306F01_NAIVE_TCRB.tsv.gz,/Users/ania/Documents/DQ2DQ8/data_link/D20210208A_1/TN_samples/,N,TN0006306F01,T06306,homoDQ8,T06306N
TN0007325F01_AgXP_TCRB.tsv.gz,/Users/ania/Documents/DQ2DQ8/data_link/D20210208A_1/TN_samples/,E,TN0007325F01,T07325,homoDQ2,T07325E
TN0007325F01_NAIVE_TCRB.tsv.gz,/Users/ania/Documents/DQ2DQ8/data_link/D20210208A_1/TN_samples/,N,TN0007325F01,T07325,homoDQ2,T07325N
TN0007914F01_AgXP_TCRB.tsv.gz,/Users/ania/Documents/DQ2DQ8/data_link/D20210208A_1/TN_samples/,E,TN0007914F01,T07914,heteroDQ2DQ8,T07914E
TN0007914F01_NAIVE_TCRB.tsv.gz,/Users/ania/Documents/DQ2DQ8/data_link/D20210208A_1/TN_samples/,N,TN0007914F01,T07914,heteroDQ2DQ8,T07914N
TN0008205F01_AgXP_TCRB.tsv.gz,/Users/ania/Documents/DQ2DQ8/data_link/D20210208A_1/TN_samples/,E,TN0008205F01,T08205,heteroDQ2DQ8,T08205E
TN0008205F01_NAIVE_TCRB.tsv.gz,/Users/ania/Documents/DQ2DQ8/data_link/D20210208A_1/TN_samples/,N,TN0008205F01,T08205,heteroDQ2DQ8,T08205N
TN0008535F02_AgXP_TCRB.tsv.gz,/Users/ania/Documents/DQ2DQ8/data_link/D20210208A_1/TN_samples/,E,TN0008535F02,T08535,homoDQ2,T08535E
TN0008535F02_NAIVE_TCRB.tsv.gz,/Users/ania/Documents/DQ2DQ8/data_link/D20210208A_1/TN_samples/,N,TN0008535F02,T08535,homoDQ2,T08535N
TN0011566F01_AgXP_TCRB.tsv.gz,/Users/ania/Documents/DQ2DQ8/data_link/D20210208A_1/TN_samples/,E,TN0011566F01,T11566,heteroDQ2DQ8,T11566E
TN0011566F01_NAIVE_TCRB.tsv.gz,/Users/ania/Documents/DQ2DQ8/data_link/D20210208A_1/TN_samples/,N,TN0011566F01,T11566,heteroDQ2DQ8,T11566N
TN0012503F01_AgXP_TCRB.tsv.gz,/Users/ania/Documents/DQ2DQ8/data_link/D20210208A_1/TN_samples/,E,TN0012503F01,T12503,homoDQ8,T12503E
TN0012503F01_NAIVE_TCRB.tsv.gz,/Users/ania/Documents/DQ2DQ8/data_link/D20210208A_1/TN_samples/,N,TN0012503F01,T12503,homoDQ8,T12503N
TN0013371F01_AgXP_TCRB.tsv.gz,/Users/ania/Documents/DQ2DQ8/data_link/D20210208A_1/TN_samples/,E,TN0013372F01,T13372,heteroDQ2DQ8,T13372E
TN0013371F01_NAIVE_TCRB.tsv.gz,/Users/ania/Documents/DQ2DQ8/data_link/D20210208A_1/TN_samples/,N,TN0013372F01,T13372,heteroDQ2DQ8,T13372N
TN0013459F01_AgXP_TCRB.tsv.gz,/Users/ania/Documents/DQ2DQ8/data_link/D20210208A_1/TN_samples/,E,TN0013459F01,T13459,heteroDQ2DQ8,T13459E
TN0013459F01_NAIVE_TCRB.tsv.gz,/Users/ania/Documents/DQ2DQ8/data_link/D20210208A_1/TN_samples/,N,TN0013459F01,T13459,heteroDQ2DQ8,T13459N
TN0013494F01_AgXP_TCRB.tsv.gz,/Users/ania/Documents/DQ2DQ8/data_link/D20210208A_1/TN_samples/,E,TN0013494F01,T13494,homoDQ8,T13494E
TN0013494F01_NAIVE_TCRB.tsv.gz,/Users/ania/Documents/DQ2DQ8/data_link/D20210208A_1/TN_samples/,N,TN0013494F01,T13494,homoDQ8,T13494N
TN0013832F01_AgXP_TCRB.tsv.gz,/Users/ania/Documents/DQ2DQ8/data_link/D20210208A_1/TN_samples/,E,TN0013832F01,T13832,heteroDQ2DQ8,T13832E
TN0013832F01_NAIVE_TCRB.tsv.gz,/Users/ania/Documents/DQ2DQ8/data_link/D20210208A_1/TN_samples/,N,TN0013832F01,T13832,heteroDQ2DQ8,T13832N
TN0014274F01_AgXP_TCRB.tsv.gz,/Users/ania/Documents/DQ2DQ8/data_link/D20210208A_1/TN_samples/,E,TN0014274F01,T14274,heteroDQ2DQ8,T14274E
TN0014274F01_NAIVE_TCRB.tsv.gz,/Users/ania/Documents/DQ2DQ8/data_link/D20210208A_1/TN_samples/,N,TN0014274F01,T14274,heteroDQ2DQ8,T14274N
TN0014358F01_AgXP_TCRB.tsv.gz,/Users/ania/Documents/DQ2DQ8/data_link/D20210208A_1/TN_samples/,E,TN0014358F01,T14358,heteroDQ2DQ8,T14358E
TN0014358F01_NAIVE_TCRB.tsv.gz,/Users/ania/Documents/DQ2DQ8/data_link/D20210208A_1/TN_samples/,N,TN0014358F01,T14358,heteroDQ2DQ8,T14358N
TN0014758F01_AgXP_TCRB.tsv.gz,/Users/ania/Documents/DQ2DQ8/data_link/D20210208A_1/TN_samples/,E,TN0014758F01,T14758,heteroDQ2DQ8,T14758E
TN0014758F01_NAIVE_TCRB.tsv.gz,/Users/ania/Documents/DQ2DQ8/data_link/D20210208A_1/TN_samples/,N,TN0014758F01,T14758,heteroDQ2DQ8,T14758N
TN0014976F01_AgXP_TCRB.tsv.gz,/Users/ania/Documents/DQ2DQ8/data_link/D20210208A_1/TN_samples/,E,TN0014976F01,T14976,homoDQ2,T14976E
TN0014976F01_NAIVE_TCRB.tsv.gz,/Users/ania/Documents/DQ2DQ8/data_link/D20210208A_1/TN_samples/,N,TN0014976F01,T14976,homoDQ2,T14976N
